location_id,area_group,psa_region,province,map_label,lat,lon,coconut_mature_2025_mt,coconut_mature_2025_share_pct,coconut_husk_2025_mt,coconut_husk_2025_share_pct,production_share_basis,coconut_weight,selected_for_monitor,coord_source,source
QUEZON,Luzon,REGION IV-A (CALABARZON),Quezon,Quezon（8.91%）,13.9347,121.9473,1289933.37,9.163898397088367,1292504.950000,8.909767,"Coconut (w/ husk), PSA 2025",0.089097674045,1,manual_province_centroid,User uploaded PSA coconut production workbook; 2025 Coconut Mature used for CNO/Copra weight
ZAMBOANGA_DEL_NORTE,Mindanao,REGION IX (ZAMBOANGA PENINSULA),Zamboanga del Norte,Zamboanga del Norte（5.88%）,8.0,123.5,850607.07,6.042852248504147,852799.860000,5.878700,"Coconut (w/ husk), PSA 2025",0.058786996484,1,manual_province_centroid,User uploaded PSA coconut production workbook; 2025 Coconut Mature used for CNO/Copra weight
DAVAO_ORIENTAL,Mindanao,REGION XI (DAVAO REGION),Davao Oriental,Davao Oriental（4.40%）,7.1667,126.3333,636584.7,4.522402201240037,637799.570000,4.396614,"Coconut (w/ husk), PSA 2025",0.043966143568,1,manual_province_centroid,User uploaded PSA coconut production workbook; 2025 Coconut Mature used for CNO/Copra weight
MISAMIS_OCCIDENTAL,Mindanao,REGION X (NORTHERN MINDANAO),Misamis Occidental,Misamis Occidental（4.05%）,8.3375,123.7071,586532.32,4.166821877852901,587330.380000,4.048710,"Coconut (w/ husk), PSA 2025",0.040487095043,1,manual_province_centroid,User uploaded PSA coconut production workbook; 2025 Coconut Mature used for CNO/Copra weight
LANAO_DEL_NORTE,Mindanao,REGION X (NORTHERN MINDANAO),Lanao del Norte,Lanao del Norte（4.03%）,7.8722,123.8854,581367.0,4.1301265967094665,584902.500000,4.031973,"Coconut (w/ husk), PSA 2025",0.040319731304,1,manual_province_centroid,User uploaded PSA coconut production workbook; 2025 Coconut Mature used for CNO/Copra weight
SARANGANI,Mindanao,REGION XII (SOCCSKSARGEN),Sarangani,Sarangani（3.97%）,5.9267,125.154,575236.59,4.086575157790963,576134.410000,3.971531,"Coconut (w/ husk), PSA 2025",0.039715310853,1,manual_province_centroid,User uploaded PSA coconut production workbook; 2025 Coconut Mature used for CNO/Copra weight
ZAMBOANGA_DEL_SUR,Mindanao,REGION IX (ZAMBOANGA PENINSULA),Zamboanga del Sur,Zamboanga del Sur（3.67%）,7.8388,123.2967,503515.1,3.577053920079445,531684.890000,3.665122,"Coconut (w/ husk), PSA 2025",0.036651222901,1,manual_province_centroid,User uploaded PSA coconut production workbook; 2025 Coconut Mature used for CNO/Copra weight
MISAMIS_ORIENTAL,Mindanao,REGION X (NORTHERN MINDANAO),Misamis Oriental,Misamis Oriental（3.60%）,8.5046,124.621,520628.91,3.698633235472359,522881.880000,3.604440,"Coconut (w/ husk), PSA 2025",0.036044395271,1,manual_province_centroid,User uploaded PSA coconut production workbook; 2025 Coconut Mature used for CNO/Copra weight
PALAWAN,Luzon,MIMAROPA REGION,Palawan,Palawan（2.99%）,9.8349,118.7384,433065.67,3.076569605410704,433723.980000,2.989838,"Coconut (w/ husk), PSA 2025",0.029898375086,1,manual_province_centroid,User uploaded PSA coconut production workbook; 2025 Coconut Mature used for CNO/Copra weight
DAVAO_OCCIDENTAL,Mindanao,REGION XI (DAVAO REGION),Davao Occidental,Davao Occidental（2.99%）,6.0941,125.6438,431099.35,3.0626005453683525,433301.680000,2.986926,"Coconut (w/ husk), PSA 2025",0.029869264213,1,manual_province_centroid,User uploaded PSA coconut production workbook; 2025 Coconut Mature used for CNO/Copra weight
SURIGAO_DEL_SUR,Mindanao,REGION XIII (CARAGA),Surigao del Sur,Surigao del Sur（2.59%）,8.5405,126.1145,375108.98,2.664835766327568,375142.890000,2.586014,"Coconut (w/ husk), PSA 2025",0.025860139981,1,manual_province_centroid,User uploaded PSA coconut production workbook; 2025 Coconut Mature used for CNO/Copra weight
MASBATE,Luzon,REGION V (BICOL REGION),Masbate,Masbate（2.56%）,12.36,123.62,368046.0,2.614659197052004,371440.160000,2.560490,"Coconut (w/ husk), PSA 2025",0.025604895597,1,manual_province_centroid,User uploaded PSA coconut production workbook; 2025 Coconut Mature used for CNO/Copra weight
DAVAO_DEL_SUR,Mindanao,REGION XI (DAVAO REGION),Davao del Sur,Davao del Sur（2.37%）,7.5,124.8,330465.54,2.347681440552966,344029.100000,2.371534,"Coconut (w/ husk), PSA 2025",0.023715338664,1,area_group_fallback_centroid,User uploaded PSA coconut production workbook; 2025 Coconut Mature used for CNO/Copra weight
SAMAR,Visayas,REGION VIII (EASTERN VISAYAS),Samar,Samar（2.28%）,11.833,125.0,327417.86,2.326030221570362,331224.220000,2.283265,"Coconut (w/ husk), PSA 2025",0.022832645700,1,manual_province_centroid,User uploaded PSA coconut production workbook; 2025 Coconut Mature used for CNO/Copra weight
CAMARINES_SUR,Luzon,REGION V (BICOL REGION),Camarines Sur,Camarines Sur（2.28%）,13.62,123.19,325969.0,2.3157372823066806,330086.600000,2.275422,"Coconut (w/ husk), PSA 2025",0.022754224882,1,manual_province_centroid,User uploaded PSA coconut production workbook; 2025 Coconut Mature used for CNO/Copra weight
NORTHERN_SAMAR,Visayas,REGION VIII (EASTERN VISAYAS),Northern Samar,Northern Samar（1.83%）,12.333,124.667,263807.0,1.87412823070132,265215.580000,1.828240,"Coconut (w/ husk), PSA 2025",0.018282399072,1,manual_province_centroid,User uploaded PSA coconut production workbook; 2025 Coconut Mature used for CNO/Copra weight
ZAMBOANGA_SIBUGAY,Mindanao,REGION IX (ZAMBOANGA PENINSULA),Zamboanga Sibugay,Zamboanga Sibugay（1.80%）,7.77,122.8,252537.08,1.7940648691159735,260762.000000,1.797540,"Coconut (w/ husk), PSA 2025",0.017975395513,1,manual_province_centroid,User uploaded PSA coconut production workbook; 2025 Coconut Mature used for CNO/Copra weight
LEYTE,Visayas,REGION VIII (EASTERN VISAYAS),Leyte,Leyte（1.65%）,10.86,124.87,234730.0,1.6675604498459888,239305.000000,1.649628,"Coconut (w/ husk), PSA 2025",0.016496276387,1,manual_province_centroid,User uploaded PSA coconut production workbook; 2025 Coconut Mature used for CNO/Copra weight
ROMBLON,Luzon,MIMAROPA REGION,Romblon,Romblon（1.59%）,12.58,122.27,225713.13,1.6035031252884004,230389.400000,1.588169,"Coconut (w/ husk), PSA 2025",0.015881687466,1,manual_province_centroid,User uploaded PSA coconut production workbook; 2025 Coconut Mature used for CNO/Copra weight
DAVAO_DEL_NORTE,Mindanao,REGION XI (DAVAO REGION),Davao del Norte,Davao del Norte（1.52%）,7.45,125.8,219583.96,1.5599604955334367,220012.480000,1.516636,"Coconut (w/ husk), PSA 2025",0.015166363757,1,manual_province_centroid,User uploaded PSA coconut production workbook; 2025 Coconut Mature used for CNO/Copra weight
SULU,Mindanao,BANGSAMORO AUTONOMOUS REGION IN MUSLIM MINDANAO (BARMM),Sulu,Sulu（1.48%）,5.9749,120.974,214558.85,1.5242612892448262,214724.420000,1.480184,"Coconut (w/ husk), PSA 2025",0.014801836065,1,manual_province_centroid,User uploaded PSA coconut production workbook; 2025 Coconut Mature used for CNO/Copra weight
SULTAN_KUDARAT,Mindanao,REGION XII (SOCCSKSARGEN),Sultan Kudarat,Sultan Kudarat（1.45%）,6.55,124.28,206588.49,1.4676385435070232,211038.590000,1.454776,"Coconut (w/ husk), PSA 2025",0.014547756666,1,manual_province_centroid,User uploaded PSA coconut production workbook; 2025 Coconut Mature used for CNO/Copra weight
SOUTH_COTABATO,Mindanao,REGION XII (SOCCSKSARGEN),South Cotabato,South Cotabato（1.45%）,6.25,125.0,208220.47,1.4792323973090071,210513.360000,1.451155,"Coconut (w/ husk), PSA 2025",0.014511550406,1,manual_province_centroid,User uploaded PSA coconut production workbook; 2025 Coconut Mature used for CNO/Copra weight
EASTERN_SAMAR,Visayas,REGION VIII (EASTERN VISAYAS),Eastern Samar,Eastern Samar（1.38%）,11.5,125.5,198291.03,1.4086920256772653,199778.680000,1.377156,"Coconut (w/ husk), PSA 2025",0.013771564830,1,manual_province_centroid,User uploaded PSA coconut production workbook; 2025 Coconut Mature used for CNO/Copra weight
LANAO_DEL_SUR,Mindanao,BANGSAMORO AUTONOMOUS REGION IN MUSLIM MINDANAO (BARMM),Lanao del Sur,Lanao del Sur（1.29%）,7.87,124.27,179272.46,1.2735809825867892,187543.090000,1.292812,"Coconut (w/ husk), PSA 2025",0.012928115364,1,manual_province_centroid,User uploaded PSA coconut production workbook; 2025 Coconut Mature used for CNO/Copra weight
DAVAO_DE_ORO,Mindanao,REGION XI (DAVAO REGION),Davao de Oro,Davao de Oro（1.26%）,7.6,126.0,182791.79,1.2985828805885635,182884.220000,1.260696,"Coconut (w/ husk), PSA 2025",0.012606960323,1,manual_province_centroid,User uploaded PSA coconut production workbook; 2025 Coconut Mature used for CNO/Copra weight
COTABATO,Mindanao,REGION XII (SOCCSKSARGEN),Cotabato,Cotabato（1.21%）,7.11,124.85,174002.98,1.2361457317059712,175522.070000,1.209946,"Coconut (w/ husk), PSA 2025",0.012099457090,1,manual_province_centroid,User uploaded PSA coconut production workbook; 2025 Coconut Mature used for CNO/Copra weight
AGUSAN_DEL_NORTE,Mindanao,REGION XIII (CARAGA),Agusan del Norte,Agusan del Norte（1.16%）,8.95,125.55,167189.0,1.1877380993026074,168569.370000,1.162018,"Coconut (w/ husk), PSA 2025",0.011620178926,1,manual_province_centroid,User uploaded PSA coconut production workbook; 2025 Coconut Mature used for CNO/Copra weight
NEGROS_OCCIDENTAL,Visayas,NEGROS ISLAND REGION,Negros Occidental,Negros Occidental（0.94%）,10.42,123.0,107528.49,0.7639000432652832,136613.950000,0.941736,"Coconut (w/ husk), PSA 2025",0.009417360597,1,manual_province_centroid,User uploaded PSA coconut production workbook; 2025 Coconut Mature used for CNO/Copra weight
BOHOL,Visayas,REGION VII (CENTRAL VISAYAS),Bohol,Bohol（0.93%）,9.85,124.14,131295.94,0.9327479093824904,134731.350000,0.928759,"Coconut (w/ husk), PSA 2025",0.009287585247,1,manual_province_centroid,User uploaded PSA coconut production workbook; 2025 Coconut Mature used for CNO/Copra weight
TAWI_TAWI,Mindanao,BANGSAMORO AUTONOMOUS REGION IN MUSLIM MINDANAO (BARMM),Tawi-tawi,Tawi-tawi（0.90%）,5.133,120.0,123930.0,0.8804190625374405,131145.000000,0.904036,"Coconut (w/ husk), PSA 2025",0.009040363414,1,manual_province_centroid,User uploaded PSA coconut production workbook; 2025 Coconut Mature used for CNO/Copra weight
CAMARINES_NORTE,Luzon,REGION V (BICOL REGION),Camarines Norte,Camarines Norte（0.89%）,14.14,122.76,127820.97,0.9080611521022052,128719.060000,0.887313,"Coconut (w/ husk), PSA 2025",0.008873133408,1,manual_province_centroid,User uploaded PSA coconut production workbook; 2025 Coconut Mature used for CNO/Copra weight
ANTIQUE,Visayas,REGION VI (WESTERN VISAYAS),Antique,Antique（0.86%）,11.25,122.1,122271.97,0.8686401452594694,124173.170000,0.855977,"Coconut (w/ husk), PSA 2025",0.008559766542,1,manual_province_centroid,User uploaded PSA coconut production workbook; 2025 Coconut Mature used for CNO/Copra weight
CAPIZ,Visayas,REGION VI (WESTERN VISAYAS),Capiz,Capiz（0.85%）,11.58,122.75,116280.19,0.8260735566164406,122962.840000,0.847633,"Coconut (w/ husk), PSA 2025",0.008476333524,1,manual_province_centroid,User uploaded PSA coconut production workbook; 2025 Coconut Mature used for CNO/Copra weight
ALBAY,Luzon,REGION V (BICOL REGION),Albay,Albay（0.83%）,13.177,123.528,119566.89,0.8494228129130741,119713.500000,0.825234,"Coconut (w/ husk), PSA 2025",0.008252343174,1,manual_province_centroid,User uploaded PSA coconut production workbook; 2025 Coconut Mature used for CNO/Copra weight
NEGROS_ORIENTAL,Visayas,NEGROS ISLAND REGION,Negros Oriental,Negros Oriental（0.80%）,9.8,123.0,109370.82,0.7769882579952486,115884.670000,0.798841,"Coconut (w/ husk), PSA 2025",0.007988406199,1,manual_province_centroid,User uploaded PSA coconut production workbook; 2025 Coconut Mature used for CNO/Copra weight
LAGUNA,Luzon,REGION IV-A (CALABARZON),Laguna,Laguna（0.67%）,14.17,121.33,81725.65,0.5805924324882028,97801.020000,0.674183,"Coconut (w/ husk), PSA 2025",0.006741825941,1,manual_province_centroid,User uploaded PSA coconut production workbook; 2025 Coconut Mature used for CNO/Copra weight
CAMIGUIN,Mindanao,REGION X (NORTHERN MINDANAO),Camiguin,Camiguin（0.62%）,9.17,124.72,89545.19,0.636143728189599,89939.220000,0.619988,"Coconut (w/ husk), PSA 2025",0.006199879782,1,manual_province_centroid,User uploaded PSA coconut production workbook; 2025 Coconut Mature used for CNO/Copra weight
SURIGAO_DEL_NORTE,Mindanao,REGION XIII (CARAGA),Surigao del Norte,Surigao del Norte（0.62%）,9.78,125.49,89376.08,0.634942342990973,89419.120000,0.616403,"Coconut (w/ husk), PSA 2025",0.006164027153,1,manual_province_centroid,User uploaded PSA coconut production workbook; 2025 Coconut Mature used for CNO/Copra weight
CEBU,Visayas,REGION VII (CENTRAL VISAYAS),Cebu,Cebu（0.62%）,10.3,123.9,54984.65,0.390619979076489,89261.080000,0.615313,"Coconut (w/ husk), PSA 2025",0.006153132807,1,manual_province_centroid,User uploaded PSA coconut production workbook; 2025 Coconut Mature used for CNO/Copra weight
ILOILO,Visayas,REGION VI (WESTERN VISAYAS),Iloilo,Iloilo（0.59%）,11.0,122.7,78771.45,0.5596053107699094,86149.430000,0.593863,"Coconut (w/ husk), PSA 2025",0.005938633994,1,manual_province_centroid,User uploaded PSA coconut production workbook; 2025 Coconut Mature used for CNO/Copra weight
ORIENTAL_MINDORO,Luzon,MIMAROPA REGION,Oriental Mindoro,Oriental Mindoro（0.56%）,13.0,121.25,80077.02,0.5688802943531984,81710.270000,0.563262,"Coconut (w/ husk), PSA 2025",0.005632624465,1,manual_province_centroid,User uploaded PSA coconut production workbook; 2025 Coconut Mature used for CNO/Copra weight
SORSOGON,Luzon,REGION V (BICOL REGION),Sorsogon,Sorsogon（0.56%）,12.98,124.0,80321.35,0.57061605477884,80737.780000,0.556559,"Coconut (w/ husk), PSA 2025",0.005565586736,1,manual_province_centroid,User uploaded PSA coconut production workbook; 2025 Coconut Mature used for CNO/Copra weight
SOUTHERN_LEYTE,Visayas,REGION VIII (EASTERN VISAYAS),Southern Leyte,Southern Leyte（0.54%）,10.3,125.0,77931.35,0.5536371024713723,78211.460000,0.539144,"Coconut (w/ husk), PSA 2025",0.005391437123,1,manual_province_centroid,User uploaded PSA coconut production workbook; 2025 Coconut Mature used for CNO/Copra weight
BATANGAS,Luzon,REGION IV-A (CALABARZON),Batangas,Batangas（0.52%）,13.95,121.06,57973.81,0.411855462373305,75789.820000,0.522450,"Coconut (w/ husk), PSA 2025",0.005224503533,1,manual_province_centroid,User uploaded PSA coconut production workbook; 2025 Coconut Mature used for CNO/Copra weight
MARINDUQUE,Luzon,MIMAROPA REGION,Marinduque,Marinduque（0.38%）,13.42,121.96,54577.49,0.3877274476030544,54656.500000,0.376770,"Coconut (w/ husk), PSA 2025",0.003767696999,1,manual_province_centroid,User uploaded PSA coconut production workbook; 2025 Coconut Mature used for CNO/Copra weight
AKLAN,Visayas,REGION VI (WESTERN VISAYAS),Aklan,Aklan（0.37%）,11.7,122.37,48244.92,0.3427398308609199,54175.550000,0.373454,"Coconut (w/ husk), PSA 2025",0.003734543141,1,manual_province_centroid,User uploaded PSA coconut production workbook; 2025 Coconut Mature used for CNO/Copra weight
AGUSAN_DEL_SUR,Mindanao,REGION XIII (CARAGA),Agusan del Sur,Agusan del Sur（0.35%）,8.4,125.75,49762.24,0.353519121201994,50219.240000,0.346182,"Coconut (w/ husk), PSA 2025",0.003461818445,1,manual_province_centroid,User uploaded PSA coconut production workbook; 2025 Coconut Mature used for CNO/Copra weight
BILIRAN,Visayas,REGION VIII (EASTERN VISAYAS),Biliran,Biliran（0.32%）,11.57,124.47,46354.77,0.3293118950015223,46956.400000,0.323690,"Coconut (w/ husk), PSA 2025",0.003236897485,1,manual_province_centroid,User uploaded PSA coconut production workbook; 2025 Coconut Mature used for CNO/Copra weight
AURORA,Luzon,REGION III (CENTRAL LUZON),Aurora,Aurora（0.32%）,15.77,121.56,15903.82,0.1129833478186411,46288.800000,0.319088,"Coconut (w/ husk), PSA 2025",0.003190877075,1,manual_province_centroid,User uploaded PSA coconut production workbook; 2025 Coconut Mature used for CNO/Copra weight
BUKIDNON,Mindanao,REGION X (NORTHERN MINDANAO),Bukidnon,Bukidnon（0.31%）,8.05,125.0,44582.14,0.3167188405124903,45307.010000,0.312320,"Coconut (w/ husk), PSA 2025",0.003123198258,1,manual_province_centroid,User uploaded PSA coconut production workbook; 2025 Coconut Mature used for CNO/Copra weight
CAVITE,Luzon,REGION IV-A (CALABARZON),Cavite,Cavite（0.30%）,14.25,120.88,42189.69,0.2997224830028663,43797.800000,0.301916,"Coconut (w/ husk), PSA 2025",0.003019162215,1,manual_province_centroid,User uploaded PSA coconut production workbook; 2025 Coconut Mature used for CNO/Copra weight
CAGAYAN,Luzon,REGION II (CAGAYAN VALLEY),Cagayan,Cagayan（0.29%）,17.6,121.7,20444.75,0.1452428599113397,41349.950000,0.285042,"Coconut (w/ husk), PSA 2025",0.002850421862,1,manual_province_centroid,User uploaded PSA coconut production workbook; 2025 Coconut Mature used for CNO/Copra weight
BASILAN,Mindanao,BANGSAMORO AUTONOMOUS REGION IN MUSLIM MINDANAO (BARMM),Basilan,Basilan（0.26%）,6.43,122.03,36897.02,0.2621224865555167,38048.470000,0.262284,"Coconut (w/ husk), PSA 2025",0.002622837288,1,manual_province_centroid,User uploaded PSA coconut production workbook; 2025 Coconut Mature used for CNO/Copra weight
GUIMARAS,Visayas,REGION VI (WESTERN VISAYAS),Guimaras,Guimaras（0.25%）,10.58,122.6,36549.95,0.2596568443055783,36991.570000,0.254998,"Coconut (w/ husk), PSA 2025",0.002549980831,1,manual_province_centroid,User uploaded PSA coconut production workbook; 2025 Coconut Mature used for CNO/Copra weight
PANGASINAN,Luzon,REGION I (ILOCOS REGION),Pangasinan,Pangasinan（0.25%）,15.9,120.3,7613.73,0.0540891876786346,36043.060000,0.248460,"Coconut (w/ husk), PSA 2025",0.002484596141,1,manual_province_centroid,User uploaded PSA coconut production workbook; 2025 Coconut Mature used for CNO/Copra weight
ISABELA,Luzon,REGION II (CAGAYAN VALLEY),Isabela,Isabela（0.20%）,16.8,121.7,3118.82,0.0221566092199065,28424.900000,0.195945,"Coconut (w/ husk), PSA 2025",0.001959445088,1,manual_province_centroid,User uploaded PSA coconut production workbook; 2025 Coconut Mature used for CNO/Copra weight
OCCIDENTAL_MINDORO,Luzon,MIMAROPA REGION,Occidental Mindoro,Occidental Mindoro（0.10%）,13.0,120.85,10434.62,0.0741292532747069,14581.740000,0.100518,"Coconut (w/ husk), PSA 2025",0.001005179220,1,manual_province_centroid,User uploaded PSA coconut production workbook; 2025 Coconut Mature used for CNO/Copra weight
SIQUIJOR,Visayas,NEGROS ISLAND REGION,Siquijor,Siquijor（0.06%）,9.2,123.6,8707.04,0.0618562413804244,8884.390000,0.061244,"Coconut (w/ husk), PSA 2025",0.000612437488,1,manual_province_centroid,User uploaded PSA coconut production workbook; 2025 Coconut Mature used for CNO/Copra weight
RIZAL,Luzon,REGION IV-A (CALABARZON),Rizal,Rizal（0.06%）,14.58,121.2,6828.4,0.0485100744503401,8813.990000,0.060758,"Coconut (w/ husk), PSA 2025",0.000607584527,1,manual_province_centroid,User uploaded PSA coconut production workbook; 2025 Coconut Mature used for CNO/Copra weight
NUEVA_VIZCAYA,Luzon,REGION II (CAGAYAN VALLEY),Nueva Vizcaya,Nueva Vizcaya（0.05%）,16.33,121.17,753.02,0.005349577684757,7787.420000,0.053682,"Coconut (w/ husk), PSA 2025",0.000536818841,1,manual_province_centroid,User uploaded PSA coconut production workbook; 2025 Coconut Mature used for CNO/Copra weight
DINAGAT_ISLANDS,Mindanao,REGION XIII (CARAGA),Dinagat Islands,Dinagat Islands（0.05%）,10.1,125.6,6618.59,0.0470195497709971,6644.450000,0.045803,"Coconut (w/ husk), PSA 2025",0.000458029225,1,manual_province_centroid,User uploaded PSA coconut production workbook; 2025 Coconut Mature used for CNO/Copra weight
ILOCOS_SUR,Luzon,REGION I (ILOCOS REGION),Ilocos Sur,Ilocos Sur（0.04%）,17.33,120.58,1859.28,0.0132086303122295,6215.110000,0.042843,"Coconut (w/ husk), PSA 2025",0.000428433055,1,manual_province_centroid,User uploaded PSA coconut production workbook; 2025 Coconut Mature used for CNO/Copra weight
ILOCOS_NORTE,Luzon,REGION I (ILOCOS REGION),Ilocos Norte,Ilocos Norte（0.04%）,18.16,120.7,2448.89,0.0173973165339894,6172.350000,0.042549,"Coconut (w/ husk), PSA 2025",0.000425485433,1,manual_province_centroid,User uploaded PSA coconut production workbook; 2025 Coconut Mature used for CNO/Copra weight
BATAAN,Luzon,REGION III (CENTRAL LUZON),Bataan,Bataan（0.02%）,14.68,120.5,1582.61,0.0112431212181261,3521.930000,0.024278,"Coconut (w/ husk), PSA 2025",0.000242781098,1,manual_province_centroid,User uploaded PSA coconut production workbook; 2025 Coconut Mature used for CNO/Copra weight
CATANDUANES,Luzon,REGION V (BICOL REGION),Catanduanes,Catanduanes（0.02%）,13.85,124.22,2885.22,0.0204970764755448,2922.990000,0.020149,"Coconut (w/ husk), PSA 2025",0.000201493704,1,manual_province_centroid,User uploaded PSA coconut production workbook; 2025 Coconut Mature used for CNO/Copra weight
LA_UNION,Luzon,REGION I (ILOCOS REGION),La Union,La Union（0.02%）,16.62,120.32,359.11,0.0025511763862488,2731.330000,0.018828,"Coconut (w/ husk), PSA 2025",0.000188281793,1,manual_province_centroid,User uploaded PSA coconut production workbook; 2025 Coconut Mature used for CNO/Copra weight
QUIRINO,Luzon,REGION II (CAGAYAN VALLEY),Quirino,Quirino（0.02%）,16.27,121.58,376.68,0.0026759965502832,2563.700000,0.017673,"Coconut (w/ husk), PSA 2025",0.000176726369,1,manual_province_centroid,User uploaded PSA coconut production workbook; 2025 Coconut Mature used for CNO/Copra weight
NUEVA_ECIJA,Luzon,REGION III (CENTRAL LUZON),Nueva Ecija,Nueva Ecija（0.01%）,15.58,120.96,44.92,0.0003191190534106,764.720000,0.005272,"Coconut (w/ husk), PSA 2025",0.000052715290,1,manual_province_centroid,User uploaded PSA coconut production workbook; 2025 Coconut Mature used for CNO/Copra weight
TARLAC,Luzon,REGION III (CENTRAL LUZON),Tarlac,Tarlac（0.00%）,15.48,120.58,236.22,0.0016781456544226,640.770000,0.004417,"Coconut (w/ husk), PSA 2025",0.000044170908,1,manual_province_centroid,User uploaded PSA coconut production workbook; 2025 Coconut Mature used for CNO/Copra weight
BULACAN,Luzon,REGION III (CENTRAL LUZON),Bulacan,Bulacan（0.00%）,14.8,120.88,176.99,0.0012573660120915,506.440000,0.003491,"Coconut (w/ husk), PSA 2025",0.000034910989,1,manual_province_centroid,User uploaded PSA coconut production workbook; 2025 Coconut Mature used for CNO/Copra weight
ZAMBALES,Luzon,REGION III (CENTRAL LUZON),Zambales,Zambales（0.00%）,15.27,120.0,313.39,0.0022263740015218,364.120000,0.002510,"Coconut (w/ husk), PSA 2025",0.000025100287,1,manual_province_centroid,User uploaded PSA coconut production workbook; 2025 Coconut Mature used for CNO/Copra weight
APAYAO,Luzon,CORDILLERA ADMINISTRATIVE REGION (CAR),Apayao,Apayao（0.00%）,18.03,121.18,167.52,0.0011900895776347,326.080000,0.002248,"Coconut (w/ husk), PSA 2025",0.000022478033,1,manual_province_centroid,User uploaded PSA coconut production workbook; 2025 Coconut Mature used for CNO/Copra weight
BATANES,Luzon,REGION II (CAGAYAN VALLEY),Batanes,Batanes（0.00%）,20.45,121.97,211.19,0.0015003284258636,297.710000,0.002052,"Coconut (w/ husk), PSA 2025",0.000020522373,1,manual_province_centroid,User uploaded PSA coconut production workbook; 2025 Coconut Mature used for CNO/Copra weight
IFUGAO,Luzon,CORDILLERA ADMINISTRATIVE REGION (CAR),Ifugao,Ifugao（0.00%）,16.83,121.17,90.68,0.0006442056047034,250.480000,0.001727,"Coconut (w/ husk), PSA 2025",0.000017266615,1,manual_province_centroid,User uploaded PSA coconut production workbook; 2025 Coconut Mature used for CNO/Copra weight
ABRA,Luzon,CORDILLERA ADMINISTRATIVE REGION (CAR),Abra,Abra（0.00%）,17.6,120.75,86.87,0.0006171387393095,209.330000,0.001443,"Coconut (w/ husk), PSA 2025",0.000014429977,1,manual_province_centroid,User uploaded PSA coconut production workbook; 2025 Coconut Mature used for CNO/Copra weight
KALINGA,Luzon,CORDILLERA ADMINISTRATIVE REGION (CAR),Kalinga,Kalinga（0.00%）,17.47,121.47,110.04,0.000781742222558,204.780000,0.001412,"Coconut (w/ husk), PSA 2025",0.000014116326,1,manual_province_centroid,User uploaded PSA coconut production workbook; 2025 Coconut Mature used for CNO/Copra weight
PAMPANGA,Luzon,REGION III (CENTRAL LUZON),Pampanga,Pampanga（0.00%）,15.08,120.65,131.11,0.0009314269611012,194.290000,0.001339,"Coconut (w/ husk), PSA 2025",0.000013393208,1,manual_province_centroid,User uploaded PSA coconut production workbook; 2025 Coconut Mature used for CNO/Copra weight
MOUNTAIN_PROVINCE,Luzon,CORDILLERA ADMINISTRATIVE REGION (CAR),Mountain Province,Mountain Province（0.00%）,17.08,120.9,112.12,0.0007965188839804,132.600000,0.000914,"Coconut (w/ husk), PSA 2025",0.000009140663,1,manual_province_centroid,User uploaded PSA coconut production workbook; 2025 Coconut Mature used for CNO/Copra weight
BENGUET,Luzon,CORDILLERA ADMINISTRATIVE REGION (CAR),Benguet,Benguet（0.00%）,16.4,120.6,6.17,4.383269277701935e-05,18.370000,0.000127,"Coconut (w/ husk), PSA 2025",0.000001266320,1,manual_province_centroid,User uploaded PSA coconut production workbook; 2025 Coconut Mature used for CNO/Copra weight
